pdb,dE_global,RMSD_global
alig,-1.8298274242438026,1.7024016026197037
