pdb,vina,vina1,vina2,vina3,vina4,vina5,vina6,vina7,vina8,vina9,vina10,vina11,vina12,vina13,vina14,vina15,vina16,vina17,vina18,vina19,vina20,vina21,vina22,vina23,vina24,vina25,vina26,vina27,vina28,vina29,vina30,vina31,vina32,vina33,vina34,vina35,vina36,vina37,vina38,vina39,vina40,vina41,vina42,vina43,vina44,vina45,vina46,vina47,vina48,vina49,vina50,vina51,vina52,vina53,vina54,vina55,vina56,vina57,vina58,P2.P,P2.N,P2.DA,P2.D,P2.A,P2.AR,P2.H,P2.PL,P2.HA,P2.SA,P2dl.P,P2dl.N,P2dl.DA,P2dl.D,P2dl.A,P2dl.AR,P2dl.H,P2dl.PL,P2dl.HA,P2dl.SA,P2dp.P,P2dp.N,P2dp.DA,P2dp.D,P2dp.A,P2dp.AR,P2dp.H,P2dp.PL,P2dp.HA,P2dp.SA,dE_global,RMSD_global,Nbw,Epw,Elw,Ni
alig,2.4893770411999996,15.45639,-49.58168,-0.62743,-0.12367,37.43071,52.31574,74.28601,98.07954,130.74225,147.20028,60.70193,124.87594,213.94128,84.04181,177.31846,299.05013,109.35669,231.48915,388.12469,573.68812,205.2787,406.05337,649.09578,816.2977,682.45338,312.02666,559.07697,814.28497,934.5491,795.22956,553.41991,803.74194,1001.33718,1062.23677,950.8546,16.11273,7.86391,3.25337,1.04142,0.23684,0.02392,0.0,0.0,7.28057,11.20348,15.94481,27.83123,61.83606,-333.57063,2.1092,2.52938,2.79676,12.5,12.5,17.0,5.0,5.0,14.0,46.96,40.44,9.47,32.7,57.04,59.25,215.49,165.07,0,626.43,46.96,0,0,10.54,18.57,0,138.93,135.3,0,350.3,0.0,40.44,9.47,22.16,38.47,59.25,76.56,29.77,0,276.13,-1.8298274242438024,1.7024016026197035,0,0,0,0
