pdb,vina,XGB,vina_min,XGB_min,vina_min_RW,XGB_min_RW,vina_min_BW,XGB_min_BW
alig,-46.2702435619,-41.98706523243223,2.4893770412,3.2255684331448853,2.4893770412,3.2255684331448853,2.4893770412,3.2255684331448853
