pdb,vina,vina1,vina2,vina3,vina4,vina5,vina6,vina7,vina8,vina9,vina10,vina11,vina12,vina13,vina14,vina15,vina16,vina17,vina18,vina19,vina20,vina21,vina22,vina23,vina24,vina25,vina26,vina27,vina28,vina29,vina30,vina31,vina32,vina33,vina34,vina35,vina36,vina37,vina38,vina39,vina40,vina41,vina42,vina43,vina44,vina45,vina46,vina47,vina48,vina49,vina50,vina51,vina52,vina53,vina54,vina55,vina56,vina57,vina58
alig,63.08231,20.67803,-70.81581,-0.95844,-0.23757,72.77886,92.32509,112.11870,131.52127,162.40897,191.39767,117.95780,186.38293,270.00014,164.52660,261.89982,377.42455,212.32637,338.74033,486.71572,650.14637,365.46701,576.54922,805.29658,937.37789,752.23078,509.87175,772.05649,1010.52515,1087.77821,891.38847,805.06913,1071.80442,1253.24476,1270.66261,1101.54894,261.15764,198.57071,149.24309,110.61336,80.67886,57.96297,41.11563,28.93646,11.46853,16.70356,22.07061,33.45706,175.18530,1902.91804,7.61034,8.59858,9.58066,12.50000,12.50000,17.00000,5.00000,5.00000,14.00000
