pdb,vina,vina1,vina2,vina3,vina4,vina5,vina6,vina7,vina8,vina9,vina10,vina11,vina12,vina13,vina14,vina15,vina16,vina17,vina18,vina19,vina20,vina21,vina22,vina23,vina24,vina25,vina26,vina27,vina28,vina29,vina30,vina31,vina32,vina33,vina34,vina35,vina36,vina37,vina38,vina39,vina40,vina41,vina42,vina43,vina44,vina45,vina46,vina47,vina48,vina49,vina50,vina51,vina52,vina53,vina54,vina55,vina56,vina57,vina58
alig,-3.39388,15.45639,-49.58168,-0.62743,-0.12367,37.43071,52.31574,74.28601,98.07954,130.74225,147.20028,60.70193,124.87594,213.94128,84.04181,177.31846,299.05013,109.35669,231.48915,388.12469,573.68812,205.27870,406.05337,649.09578,816.29770,682.45338,312.02666,559.07697,814.28497,934.54910,795.22956,553.41991,803.74194,1001.33718,1062.23677,950.85460,16.11273,7.86391,3.25337,1.04142,0.23684,0.02392,0.00000,0.00000,7.28057,11.20348,15.94481,27.83123,61.83606,-333.57063,2.10920,2.52938,2.79676,12.50000,12.50000,17.00000,5.00000,5.00000,14.00000
