pdb,dE_global,RMSD_global
apao,-1.6648705368740941,1.736888960206306
