pdb,vina,vina1,vina2,vina3,vina4,vina5,vina6,vina7,vina8,vina9,vina10,vina11,vina12,vina13,vina14,vina15,vina16,vina17,vina18,vina19,vina20,vina21,vina22,vina23,vina24,vina25,vina26,vina27,vina28,vina29,vina30,vina31,vina32,vina33,vina34,vina35,vina36,vina37,vina38,vina39,vina40,vina41,vina42,vina43,vina44,vina45,vina46,vina47,vina48,vina49,vina50,vina51,vina52,vina53,vina54,vina55,vina56,vina57,vina58,P2.P,P2.N,P2.DA,P2.D,P2.A,P2.AR,P2.H,P2.PL,P2.HA,P2.SA,P2dl.P,P2dl.N,P2dl.DA,P2dl.D,P2dl.A,P2dl.AR,P2dl.H,P2dl.PL,P2dl.HA,P2dl.SA,P2dp.P,P2dp.N,P2dp.DA,P2dp.D,P2dp.A,P2dp.AR,P2dp.H,P2dp.PL,P2dp.HA,P2dp.SA,dE_global,RMSD_global,Nbw,Epw,Elw,Ni
apao,2.9740378936,10.15038,-47.32563,-0.7134,-0.13635,43.52776,65.03577,93.86341,126.70712,131.63623,153.15191,67.40077,158.66878,221.98836,94.02086,220.37228,313.98408,124.4463,279.61528,404.55872,520.49254,235.69431,453.23404,658.80174,765.84479,623.15328,346.89873,596.04049,817.00616,891.08027,736.38282,580.4269,820.60489,994.52406,1029.07929,902.69614,12.21617,5.22448,1.87322,0.64267,0.22155,0.06139,0.00228,0.0,9.69119,13.42313,18.67404,30.32703,71.81029,-358.2265,1.71379,1.99961,2.18666,12.0,12.0,14.0,4.0,4.0,14.0,75.58,6.34,69.69,11.42,44.16,105.62,196.75,249.71,0,759.28,70.7,0,0,0,0,0,96.25,188.92,0,355.87,4.88,6.34,69.69,11.42,44.16,105.62,100.5,60.79,0,403.41,-1.664870536874094,1.736888960206306,0,0,0,0
