pdb,vina,vina1,vina2,vina3,vina4,vina5,vina6,vina7,vina8,vina9,vina10,vina11,vina12,vina13,vina14,vina15,vina16,vina17,vina18,vina19,vina20,vina21,vina22,vina23,vina24,vina25,vina26,vina27,vina28,vina29,vina30,vina31,vina32,vina33,vina34,vina35,vina36,vina37,vina38,vina39,vina40,vina41,vina42,vina43,vina44,vina45,vina46,vina47,vina48,vina49,vina50,vina51,vina52,vina53,vina54,vina55,vina56,vina57,vina58,P2.P,P2.N,P2.DA,P2.D,P2.A,P2.AR,P2.H,P2.PL,P2.HA,P2.SA,P2dl.P,P2dl.N,P2dl.DA,P2dl.D,P2dl.A,P2dl.AR,P2dl.H,P2dl.PL,P2dl.HA,P2dl.SA,P2dp.P,P2dp.N,P2dp.DA,P2dp.D,P2dp.A,P2dp.AR,P2dp.H,P2dp.PL,P2dp.HA,P2dp.SA,dE_global,RMSD_global,Nbw,Epw,Elw,Ni
apao,2.427631853,10.8298,-48.7108,-0.73732,-0.14136,38.19071,69.40769,99.8264,123.45124,139.11929,147.03637,65.74349,166.40023,228.52312,95.97466,228.38629,319.62974,129.04794,288.20523,412.08371,535.93119,244.58482,465.55955,674.77114,786.26472,640.80927,358.61027,612.56568,838.1836,914.7237,756.75742,598.22138,843.97068,1021.78999,1056.99781,927.33415,16.40764,8.09134,3.48658,1.1563,0.2773,0.03648,0.0,0.0,9.61259,13.41975,18.6279,30.3567,75.0559,-366.72602,1.76823,2.02058,2.30344,12.0,12.0,14.0,4.0,4.0,14.0,73.34,5.85,69.42,11.56,43.26,107.47,190.76,244.86,0,746.53,70.42,0,0,0,0,0,98.35,188.51,0,357.29,2.92,5.85,69.42,11.56,43.26,107.47,92.4,56.35,0,389.24,-1.664870536874094,1.736888960206306,0,0,0,0
