pdb,vina,XGB,vina_min,XGB_min,vina_min_RW,XGB_min_RW,vina_min_BW,XGB_min_BW
apao,2.427631853,3.7355385998643187,2.9740378936,4.156411774940027,2.9740378936,4.156411774940027,2.9740378936,4.156411774940027
