pdb,vina,vina1,vina2,vina3,vina4,vina5,vina6,vina7,vina8,vina9,vina10,vina11,vina12,vina13,vina14,vina15,vina16,vina17,vina18,vina19,vina20,vina21,vina22,vina23,vina24,vina25,vina26,vina27,vina28,vina29,vina30,vina31,vina32,vina33,vina34,vina35,vina36,vina37,vina38,vina39,vina40,vina41,vina42,vina43,vina44,vina45,vina46,vina47,vina48,vina49,vina50,vina51,vina52,vina53,vina54,vina55,vina56,vina57,vina58
apao,-4.05464,10.15038,-47.32563,-0.71340,-0.13635,43.52776,65.03577,93.86341,126.70712,131.63623,153.15191,67.40077,158.66878,221.98836,94.02086,220.37228,313.98408,124.44630,279.61528,404.55872,520.49254,235.69431,453.23404,658.80174,765.84479,623.15328,346.89873,596.04049,817.00616,891.08027,736.38282,580.42690,820.60489,994.52406,1029.07929,902.69614,12.21617,5.22448,1.87322,0.64267,0.22155,0.06139,0.00228,0.00000,9.69119,13.42313,18.67404,30.32703,71.81029,-358.22650,1.71379,1.99961,2.18666,12.00000,12.00000,14.00000,4.00000,4.00000,14.00000
