pdb,vina,vina1,vina2,vina3,vina4,vina5,vina6,vina7,vina8,vina9,vina10,vina11,vina12,vina13,vina14,vina15,vina16,vina17,vina18,vina19,vina20,vina21,vina22,vina23,vina24,vina25,vina26,vina27,vina28,vina29,vina30,vina31,vina32,vina33,vina34,vina35,vina36,vina37,vina38,vina39,vina40,vina41,vina42,vina43,vina44,vina45,vina46,vina47,vina48,vina49,vina50,vina51,vina52,vina53,vina54,vina55,vina56,vina57,vina58
apao,-3.30970,10.82980,-48.71080,-0.73732,-0.14136,38.19071,69.40769,99.82640,123.45124,139.11929,147.03637,65.74349,166.40023,228.52312,95.97466,228.38629,319.62974,129.04794,288.20523,412.08371,535.93119,244.58482,465.55955,674.77114,786.26472,640.80927,358.61027,612.56568,838.18360,914.72370,756.75742,598.22138,843.97068,1021.78999,1056.99781,927.33415,16.40764,8.09134,3.48658,1.15630,0.27730,0.03648,0.00000,0.00000,9.61259,13.41975,18.62790,30.35670,75.05590,-366.72602,1.76823,2.02058,2.30344,12.00000,12.00000,14.00000,4.00000,4.00000,14.00000
