pdb,dE_global,RMSD_global
min1,-2.5996312519948486,1.7019811550575017
