pdb,vina,vina1,vina2,vina3,vina4,vina5,vina6,vina7,vina8,vina9,vina10,vina11,vina12,vina13,vina14,vina15,vina16,vina17,vina18,vina19,vina20,vina21,vina22,vina23,vina24,vina25,vina26,vina27,vina28,vina29,vina30,vina31,vina32,vina33,vina34,vina35,vina36,vina37,vina38,vina39,vina40,vina41,vina42,vina43,vina44,vina45,vina46,vina47,vina48,vina49,vina50,vina51,vina52,vina53,vina54,vina55,vina56,vina57,vina58,P2.P,P2.N,P2.DA,P2.D,P2.A,P2.AR,P2.H,P2.PL,P2.HA,P2.SA,P2dl.P,P2dl.N,P2dl.DA,P2dl.D,P2dl.A,P2dl.AR,P2dl.H,P2dl.PL,P2dl.HA,P2dl.SA,P2dp.P,P2dp.N,P2dp.DA,P2dp.D,P2dp.A,P2dp.AR,P2dp.H,P2dp.PL,P2dp.HA,P2dp.SA,dE_global,RMSD_global,Nbw,Epw,Elw,Ni
min1,2.5253620606,13.22828,-50.36797,-0.90881,-0.17691,46.43479,65.09987,95.58962,106.57542,131.35621,153.1577,75.64149,153.96685,216.30425,104.93284,211.48277,305.12007,136.37923,269.46121,395.7046,532.98561,245.22976,447.48063,652.35454,764.00531,609.64524,354.77732,594.40972,810.66909,882.42478,722.53974,586.53609,820.56513,987.76496,1016.85382,887.44832,25.25623,13.48496,6.55541,2.71522,0.89643,0.18828,0.00831,0.0,12.79929,17.223,21.12978,29.6221,88.20565,-349.66204,6.0194,6.37577,6.67108,12.0,12.0,14.0,4.0,4.0,14.0,75.68,29.03,19.83,2.79,32.61,77.43,147.89,315.9,0,701.16,75.68,0,0,0,0,0,108.32,165.32,0,349.32,0.0,29.03,19.83,2.79,32.61,77.43,39.57,150.59,0,351.84,-2.599631251994849,1.7019811550575017,0,0,0,0
