pdb,vina,XGB,vina_min,XGB_min,vina_min_RW,XGB_min_RW,vina_min_BW,XGB_min_BW
min1,2.5253620606,3.771697090202051,2.9367912714,4.13122031135514,2.9367912714,4.13122031135514,2.9367912714,4.13122031135514
