pdb,dE_global,RMSD_global
min1,-2.8240276874039143,1.2685472369616277
