pdb,vina,vina1,vina2,vina3,vina4,vina5,vina6,vina7,vina8,vina9,vina10,vina11,vina12,vina13,vina14,vina15,vina16,vina17,vina18,vina19,vina20,vina21,vina22,vina23,vina24,vina25,vina26,vina27,vina28,vina29,vina30,vina31,vina32,vina33,vina34,vina35,vina36,vina37,vina38,vina39,vina40,vina41,vina42,vina43,vina44,vina45,vina46,vina47,vina48,vina49,vina50,vina51,vina52,vina53,vina54,vina55,vina56,vina57,vina58,P2.P,P2.N,P2.DA,P2.D,P2.A,P2.AR,P2.H,P2.PL,P2.HA,P2.SA,P2dl.P,P2dl.N,P2dl.DA,P2dl.D,P2dl.A,P2dl.AR,P2dl.H,P2dl.PL,P2dl.HA,P2dl.SA,P2dp.P,P2dp.N,P2dp.DA,P2dp.D,P2dp.A,P2dp.AR,P2dp.H,P2dp.PL,P2dp.HA,P2dp.SA,dE_global,RMSD_global,Nbw,Epw,Elw,Ni
min1,3.3692349706999996,17.70258,-61.0696,-0.77894,-0.15029,56.46639,82.72207,110.70621,120.48726,153.1835,176.45375,92.73743,178.32519,251.28576,129.33216,245.99109,353.3215,166.72339,314.2851,460.00077,646.05831,292.07056,525.60918,771.34983,925.35738,755.61513,420.05276,702.9898,966.69252,1068.15433,888.58216,697.70006,980.00906,1186.63923,1230.38613,1082.1822,27.12372,13.55601,5.7623,1.92361,0.40253,0.02503,0.0,0.0,18.93342,24.6205,29.35082,39.24742,97.9606,-429.21383,5.30569,5.90442,6.28544,12.5,12.5,17.0,5.0,5.0,14.0,49.77,29.13,20.04,8.85,55.52,86.57,195.55,332.69,0,778.11,49.77,0,0,4.04,20.21,0,150.43,175.81,0,400.26,0.0,29.13,20.04,4.81,35.31,86.57,45.12,156.88,0,377.85,-2.8240276874039143,1.2685472369616275,0,0.0,0.0,0
