pdb,vina,vina1,vina2,vina3,vina4,vina5,vina6,vina7,vina8,vina9,vina10,vina11,vina12,vina13,vina14,vina15,vina16,vina17,vina18,vina19,vina20,vina21,vina22,vina23,vina24,vina25,vina26,vina27,vina28,vina29,vina30,vina31,vina32,vina33,vina34,vina35,vina36,vina37,vina38,vina39,vina40,vina41,vina42,vina43,vina44,vina45,vina46,vina47,vina48,vina49,vina50,vina51,vina52,vina53,vina54,vina55,vina56,vina57,vina58,P2.P,P2.N,P2.DA,P2.D,P2.A,P2.AR,P2.H,P2.PL,P2.HA,P2.SA,P2dl.P,P2dl.N,P2dl.DA,P2dl.D,P2dl.A,P2dl.AR,P2dl.H,P2dl.PL,P2dl.HA,P2dl.SA,P2dp.P,P2dp.N,P2dp.DA,P2dp.D,P2dp.A,P2dp.AR,P2dp.H,P2dp.PL,P2dp.HA,P2dp.SA,dE_global,RMSD_global,Nbw,Epw,Elw,Ni
min1,3.0376681511,17.574,-60.81959,-0.76839,-0.15283,60.37616,82.93656,108.49118,119.40481,149.07227,175.98575,97.34551,176.96803,245.60989,132.99316,244.996,348.04079,169.85962,313.36123,454.67778,641.55474,294.54615,523.94448,764.85651,915.86668,744.08387,421.50114,700.33315,958.87489,1056.36514,875.61362,696.33429,974.63013,1176.71659,1217.06173,1067.94847,29.74924,15.4916,7.28303,2.91199,0.93483,0.18828,0.00831,0.0,19.10784,24.46201,29.21901,38.85899,100.18247,-420.83211,6.0194,6.37577,6.67108,12.5,12.5,17.0,5.0,5.0,14.0,49.99,29.03,19.83,9.37,54.08,86.14,200.39,331.42,0,780.24,49.99,0,0,4.39,20.21,0,153.56,174.08,0,402.23,0.0,29.03,19.83,4.98,33.87,86.14,46.83,157.34,0,378.01,-2.8240276874039143,1.2685472369616275,0,0,0,0
