pdb,vina,XGB,vina_min,XGB_min,vina_min_RW,XGB_min_RW,vina_min_BW,XGB_min_BW
min1,3.0376681511,4.618833107192835,3.3692349707,5.006242326390002,3.3692349707,5.006242326390002,3.3692349707,5.006242326390002
