pdb,vina,vina1,vina2,vina3,vina4,vina5,vina6,vina7,vina8,vina9,vina10,vina11,vina12,vina13,vina14,vina15,vina16,vina17,vina18,vina19,vina20,vina21,vina22,vina23,vina24,vina25,vina26,vina27,vina28,vina29,vina30,vina31,vina32,vina33,vina34,vina35,vina36,vina37,vina38,vina39,vina40,vina41,vina42,vina43,vina44,vina45,vina46,vina47,vina48,vina49,vina50,vina51,vina52,vina53,vina54,vina55,vina56,vina57,vina58
min1,-4.59343,17.70258,-61.06960,-0.77894,-0.15029,56.46639,82.72207,110.70621,120.48726,153.18350,176.45375,92.73743,178.32519,251.28576,129.33216,245.99109,353.32150,166.72339,314.28510,460.00077,646.05831,292.07056,525.60918,771.34983,925.35738,755.61513,420.05276,702.98980,966.69252,1068.15433,888.58216,697.70006,980.00906,1186.63923,1230.38613,1082.18220,27.12372,13.55601,5.76230,1.92361,0.40253,0.02503,0.00000,0.00000,18.93342,24.62050,29.35082,39.24742,97.96060,-429.21383,5.30569,5.90442,6.28544,12.50000,12.50000,17.00000,5.00000,5.00000,14.00000
