pdb,vina,vina1,vina2,vina3,vina4,vina5,vina6,vina7,vina8,vina9,vina10,vina11,vina12,vina13,vina14,vina15,vina16,vina17,vina18,vina19,vina20,vina21,vina22,vina23,vina24,vina25,vina26,vina27,vina28,vina29,vina30,vina31,vina32,vina33,vina34,vina35,vina36,vina37,vina38,vina39,vina40,vina41,vina42,vina43,vina44,vina45,vina46,vina47,vina48,vina49,vina50,vina51,vina52,vina53,vina54,vina55,vina56,vina57,vina58
min1,-4.14139,17.57400,-60.81959,-0.76839,-0.15283,60.37616,82.93656,108.49118,119.40481,149.07227,175.98575,97.34551,176.96803,245.60989,132.99316,244.99600,348.04079,169.85962,313.36123,454.67778,641.55474,294.54615,523.94448,764.85651,915.86668,744.08387,421.50114,700.33315,958.87489,1056.36514,875.61362,696.33429,974.63013,1176.71659,1217.06173,1067.94847,29.74924,15.49160,7.28303,2.91199,0.93483,0.18828,0.00831,0.00000,19.10784,24.46201,29.21901,38.85899,100.18247,-420.83211,6.01940,6.37577,6.67108,12.50000,12.50000,17.00000,5.00000,5.00000,14.00000
