pdb,dE_global,RMSD_global
smod,-7.476400983449219,1.9940894126885456
