pdb,vina,vina1,vina2,vina3,vina4,vina5,vina6,vina7,vina8,vina9,vina10,vina11,vina12,vina13,vina14,vina15,vina16,vina17,vina18,vina19,vina20,vina21,vina22,vina23,vina24,vina25,vina26,vina27,vina28,vina29,vina30,vina31,vina32,vina33,vina34,vina35,vina36,vina37,vina38,vina39,vina40,vina41,vina42,vina43,vina44,vina45,vina46,vina47,vina48,vina49,vina50,vina51,vina52,vina53,vina54,vina55,vina56,vina57,vina58,P2.P,P2.N,P2.DA,P2.D,P2.A,P2.AR,P2.H,P2.PL,P2.HA,P2.SA,P2dl.P,P2dl.N,P2dl.DA,P2dl.D,P2dl.A,P2dl.AR,P2dl.H,P2dl.PL,P2dl.HA,P2dl.SA,P2dp.P,P2dp.N,P2dp.DA,P2dp.D,P2dp.A,P2dp.AR,P2dp.H,P2dp.PL,P2dp.HA,P2dp.SA,dE_global,RMSD_global,Nbw,Epw,Elw,Ni
smod,-0.5803226182,11.20194,-52.62954,-0.83799,-0.17676,52.4481,79.28805,88.01995,115.83085,121.96949,149.34883,91.44989,152.73296,209.73922,128.35449,215.86836,298.65619,164.25683,277.35202,388.99928,531.07274,278.27572,463.07279,651.03409,762.29449,612.48881,388.41962,615.07886,816.55339,883.05069,724.12394,620.1905,847.54183,1004.99662,1025.9195,891.83688,51.28855,30.4058,16.40929,7.76837,3.0061,0.85052,0.15689,0.00658,14.52903,19.45286,25.32811,37.35311,110.82761,-343.89271,6.71513,7.00066,7.36126,12.0,12.0,14.0,4.0,4.0,14.0,98.38,33.92,19.26,10.24,41.16,54.09,140.24,182.72,0,580.01,98.32,0,0,0,0,0,114.29,143.28,0,355.89,0.06,33.92,19.26,10.24,41.16,54.09,25.95,39.44,0,224.12,-7.476400983449219,1.9940894126885456,0,0,0,0
