pdb,vina,vina1,vina2,vina3,vina4,vina5,vina6,vina7,vina8,vina9,vina10,vina11,vina12,vina13,vina14,vina15,vina16,vina17,vina18,vina19,vina20,vina21,vina22,vina23,vina24,vina25,vina26,vina27,vina28,vina29,vina30,vina31,vina32,vina33,vina34,vina35,vina36,vina37,vina38,vina39,vina40,vina41,vina42,vina43,vina44,vina45,vina46,vina47,vina48,vina49,vina50,vina51,vina52,vina53,vina54,vina55,vina56,vina57,vina58,P2.P,P2.N,P2.DA,P2.D,P2.A,P2.AR,P2.H,P2.PL,P2.HA,P2.SA,P2dl.P,P2dl.N,P2dl.DA,P2dl.D,P2dl.A,P2dl.AR,P2dl.H,P2dl.PL,P2dl.HA,P2dl.SA,P2dp.P,P2dp.N,P2dp.DA,P2dp.D,P2dp.A,P2dp.AR,P2dp.H,P2dp.PL,P2dp.HA,P2dp.SA,dE_global,RMSD_global,Nbw,Epw,Elw,Ni
smod,-1.0119521435999999,11.44258,-53.48997,-0.8495,-0.18031,55.5003,79.00833,96.50247,110.93749,122.97878,147.9679,94.74369,158.8636,209.54371,132.65602,220.71035,298.53318,169.75539,282.01066,390.44225,537.76983,285.2496,469.73009,657.10295,769.76924,618.54975,396.22733,623.7351,825.32048,891.77933,731.35088,630.09553,859.02739,1016.93122,1037.09145,901.13883,53.66448,31.92679,17.46583,8.43116,3.43869,1.08556,0.19333,0.00555,16.01837,20.95194,26.45667,37.79134,114.70245,-341.15853,6.15364,6.66035,7.27158,12.0,12.0,14.0,4.0,4.0,14.0,99.69,34.0,19.49,9.01,43.32,53.7,141.66,182.56,0,583.42,99.63,0,0,0,0,0,115.43,144.04,0,359.1,0.06,34.0,19.49,9.01,43.32,53.7,26.22,38.52,0,224.32,-7.476400983449219,1.9940894126885456,0,0,0,0
