pdb,vina,XGB,vina_min,XGB_min,vina_min_RW,XGB_min_RW,vina_min_BW,XGB_min_BW
smod,-1.0119521436,1.581497687408911,-0.5803226182,1.3345035365088624,-0.5803226182,1.3345035365088624,-0.5803226182,1.3345035365088624
