pdb,vina,vina1,vina2,vina3,vina4,vina5,vina6,vina7,vina8,vina9,vina10,vina11,vina12,vina13,vina14,vina15,vina16,vina17,vina18,vina19,vina20,vina21,vina22,vina23,vina24,vina25,vina26,vina27,vina28,vina29,vina30,vina31,vina32,vina33,vina34,vina35,vina36,vina37,vina38,vina39,vina40,vina41,vina42,vina43,vina44,vina45,vina46,vina47,vina48,vina49,vina50,vina51,vina52,vina53,vina54,vina55,vina56,vina57,vina58
smod,0.79118,11.20194,-52.62954,-0.83799,-0.17676,52.44810,79.28805,88.01995,115.83085,121.96949,149.34883,91.44989,152.73296,209.73922,128.35449,215.86836,298.65619,164.25683,277.35202,388.99928,531.07274,278.27572,463.07279,651.03409,762.29449,612.48881,388.41962,615.07886,816.55339,883.05069,724.12394,620.19050,847.54183,1004.99662,1025.91950,891.83688,51.28855,30.40580,16.40929,7.76837,3.00610,0.85052,0.15689,0.00658,14.52903,19.45286,25.32811,37.35311,110.82761,-343.89271,6.71513,7.00066,7.36126,12.00000,12.00000,14.00000,4.00000,4.00000,14.00000
