pdb,vina,vina1,vina2,vina3,vina4,vina5,vina6,vina7,vina8,vina9,vina10,vina11,vina12,vina13,vina14,vina15,vina16,vina17,vina18,vina19,vina20,vina21,vina22,vina23,vina24,vina25,vina26,vina27,vina28,vina29,vina30,vina31,vina32,vina33,vina34,vina35,vina36,vina37,vina38,vina39,vina40,vina41,vina42,vina43,vina44,vina45,vina46,vina47,vina48,vina49,vina50,vina51,vina52,vina53,vina54,vina55,vina56,vina57,vina58
smod,1.37964,11.44258,-53.48997,-0.84950,-0.18031,55.50030,79.00833,96.50247,110.93749,122.97878,147.96790,94.74369,158.86360,209.54371,132.65602,220.71035,298.53318,169.75539,282.01066,390.44225,537.76983,285.24960,469.73009,657.10295,769.76924,618.54975,396.22733,623.73510,825.32048,891.77933,731.35088,630.09553,859.02739,1016.93122,1037.09145,901.13883,53.66448,31.92679,17.46583,8.43116,3.43869,1.08556,0.19333,0.00555,16.01837,20.95194,26.45667,37.79134,114.70245,-341.15853,6.15364,6.66035,7.27158,12.00000,12.00000,14.00000,4.00000,4.00000,14.00000
