pdb,dE_global,RMSD_global
apao,-1.8298274242232289,1.702402000781411
