pdb,vina,vina1,vina2,vina3,vina4,vina5,vina6,vina7,vina8,vina9,vina10,vina11,vina12,vina13,vina14,vina15,vina16,vina17,vina18,vina19,vina20,vina21,vina22,vina23,vina24,vina25,vina26,vina27,vina28,vina29,vina30,vina31,vina32,vina33,vina34,vina35,vina36,vina37,vina38,vina39,vina40,vina41,vina42,vina43,vina44,vina45,vina46,vina47,vina48,vina49,vina50,vina51,vina52,vina53,vina54,vina55,vina56,vina57,vina58,P2.P,P2.N,P2.DA,P2.D,P2.A,P2.AR,P2.H,P2.PL,P2.HA,P2.SA,P2dl.P,P2dl.N,P2dl.DA,P2dl.D,P2dl.A,P2dl.AR,P2dl.H,P2dl.PL,P2dl.HA,P2dl.SA,P2dp.P,P2dp.N,P2dp.DA,P2dp.D,P2dp.A,P2dp.AR,P2dp.H,P2dp.PL,P2dp.HA,P2dp.SA,dE_global,RMSD_global,Nbw,Epw,Elw,Ni
apao,3.6936429278999996,14.55086,-58.62902,-0.45106,-0.08653,52.29221,80.46416,111.97529,146.30864,153.43765,183.86355,82.57541,186.76755,261.78488,115.39687,259.92869,370.99169,151.84644,330.45823,480.88297,648.86728,282.87983,540.38433,795.85246,947.04958,781.91213,415.95267,716.77396,993.33937,1098.77726,918.57114,701.78142,996.94597,1215.57617,1266.05599,1117.5811,14.74604,6.31581,2.24296,0.71579,0.19687,0.03658,0.0,0.0,18.38801,23.2737,30.10837,46.26799,81.96482,-434.13072,2.0126,2.61259,3.04666,12.5,12.5,17.0,5.0,5.0,14.0,49.06,7.37,57.04,23.72,75.49,144.23,266.83,250.16,0,873.9,44.06,0,0,5.53,21.88,0,162.87,199.48,0,433.81,5.0,7.37,57.04,18.19,53.61,144.23,103.96,50.68,0,440.09,-1.8298274242232289,1.702402000781411,0,0.0,0.0,0
