pdb,vina,vina1,vina2,vina3,vina4,vina5,vina6,vina7,vina8,vina9,vina10,vina11,vina12,vina13,vina14,vina15,vina16,vina17,vina18,vina19,vina20,vina21,vina22,vina23,vina24,vina25,vina26,vina27,vina28,vina29,vina30,vina31,vina32,vina33,vina34,vina35,vina36,vina37,vina38,vina39,vina40,vina41,vina42,vina43,vina44,vina45,vina46,vina47,vina48,vina49,vina50,vina51,vina52,vina53,vina54,vina55,vina56,vina57,vina58,P2.P,P2.N,P2.DA,P2.D,P2.A,P2.AR,P2.H,P2.PL,P2.HA,P2.SA,P2dl.P,P2dl.N,P2dl.DA,P2dl.D,P2dl.A,P2dl.AR,P2dl.H,P2dl.PL,P2dl.HA,P2dl.SA,P2dp.P,P2dp.N,P2dp.DA,P2dp.D,P2dp.A,P2dp.AR,P2dp.H,P2dp.PL,P2dp.HA,P2dp.SA,dE_global,RMSD_global,Nbw,Epw,Elw,Ni
apao,3.3113332701,14.91854,-59.92935,-0.51336,-0.09665,46.68116,85.47238,118.00602,143.8178,159.95808,178.11678,79.83872,196.81569,265.58602,115.84371,270.28328,374.67881,154.93394,340.88938,486.26513,658.26711,290.71543,552.33049,808.96057,965.47593,803.60176,426.28272,731.64002,1012.30669,1121.85538,941.65115,717.58987,1018.41194,1241.68837,1294.23162,1143.97072,17.90626,8.58178,3.5954,1.15996,0.2773,0.03648,0.0,0.0,18.79018,23.5991,30.54503,46.18698,84.65451,-441.20649,2.36017,2.92542,3.40739,12.5,12.5,17.0,5.0,5.0,14.0,48.11,5.85,58.72,25.02,77.6,146.81,280.09,253.0,0,895.2,45.18,0,0,5.84,21.88,0,162.61,200.07,0,435.57,2.93,5.85,58.72,19.18,55.72,146.81,117.47,52.93,0,459.63,-1.8298274242232289,1.702402000781411,0,0,0,0
