pdb,vina,XGB,vina_min,XGB_min,vina_min_RW,XGB_min_RW,vina_min_BW,XGB_min_BW
apao,3.3113332701,4.505551786449793,3.6936429279,4.987517549291296,3.6936429279,4.987517549291296,3.6936429279,4.987517549291296
