pdb,vina,vina1,vina2,vina3,vina4,vina5,vina6,vina7,vina8,vina9,vina10,vina11,vina12,vina13,vina14,vina15,vina16,vina17,vina18,vina19,vina20,vina21,vina22,vina23,vina24,vina25,vina26,vina27,vina28,vina29,vina30,vina31,vina32,vina33,vina34,vina35,vina36,vina37,vina38,vina39,vina40,vina41,vina42,vina43,vina44,vina45,vina46,vina47,vina48,vina49,vina50,vina51,vina52,vina53,vina54,vina55,vina56,vina57,vina58
apao,-5.03571,14.55086,-58.62902,-0.45106,-0.08653,52.29221,80.46416,111.97529,146.30864,153.43765,183.86355,82.57541,186.76755,261.78488,115.39687,259.92869,370.99169,151.84644,330.45823,480.88297,648.86728,282.87983,540.38433,795.85246,947.04958,781.91213,415.95267,716.77396,993.33937,1098.77726,918.57114,701.78142,996.94597,1215.57617,1266.05599,1117.58110,14.74604,6.31581,2.24296,0.71579,0.19687,0.03658,0.00000,0.00000,18.38801,23.27370,30.10837,46.26799,81.96482,-434.13072,2.01260,2.61259,3.04666,12.50000,12.50000,17.00000,5.00000,5.00000,14.00000
