pdb,vina,vina1,vina2,vina3,vina4,vina5,vina6,vina7,vina8,vina9,vina10,vina11,vina12,vina13,vina14,vina15,vina16,vina17,vina18,vina19,vina20,vina21,vina22,vina23,vina24,vina25,vina26,vina27,vina28,vina29,vina30,vina31,vina32,vina33,vina34,vina35,vina36,vina37,vina38,vina39,vina40,vina41,vina42,vina43,vina44,vina45,vina46,vina47,vina48,vina49,vina50,vina51,vina52,vina53,vina54,vina55,vina56,vina57,vina58
apao,-4.51449,14.91854,-59.92935,-0.51336,-0.09665,46.68116,85.47238,118.00602,143.81780,159.95808,178.11678,79.83872,196.81569,265.58602,115.84371,270.28328,374.67881,154.93394,340.88938,486.26513,658.26711,290.71543,552.33049,808.96057,965.47593,803.60176,426.28272,731.64002,1012.30669,1121.85538,941.65115,717.58987,1018.41194,1241.68837,1294.23162,1143.97072,17.90626,8.58178,3.59540,1.15996,0.27730,0.03648,0.00000,0.00000,18.79018,23.59910,30.54503,46.18698,84.65451,-441.20649,2.36017,2.92542,3.40739,12.50000,12.50000,17.00000,5.00000,5.00000,14.00000
