pdb,dE_global,RMSD_global
alig,-1.5356161870068021,1.8129337706312731
