pdb,vina,vina1,vina2,vina3,vina4,vina5,vina6,vina7,vina8,vina9,vina10,vina11,vina12,vina13,vina14,vina15,vina16,vina17,vina18,vina19,vina20,vina21,vina22,vina23,vina24,vina25,vina26,vina27,vina28,vina29,vina30,vina31,vina32,vina33,vina34,vina35,vina36,vina37,vina38,vina39,vina40,vina41,vina42,vina43,vina44,vina45,vina46,vina47,vina48,vina49,vina50,vina51,vina52,vina53,vina54,vina55,vina56,vina57,vina58,P2.P,P2.N,P2.DA,P2.D,P2.A,P2.AR,P2.H,P2.PL,P2.HA,P2.SA,P2dl.P,P2dl.N,P2dl.DA,P2dl.D,P2dl.A,P2dl.AR,P2dl.H,P2dl.PL,P2dl.HA,P2dl.SA,P2dp.P,P2dp.N,P2dp.DA,P2dp.D,P2dp.A,P2dp.AR,P2dp.H,P2dp.PL,P2dp.HA,P2dp.SA,dE_global,RMSD_global,Nbw,Epw,Elw,Ni
alig,1.8870203834,10.30619,-46.63841,-0.82854,-0.14887,44.96756,59.17712,75.53374,103.5612,108.58116,140.65906,71.39976,129.35655,190.06916,97.33942,183.48181,272.29261,124.48935,236.73818,355.05766,503.05278,219.96458,399.94473,596.71891,732.36785,617.65933,318.99343,539.10228,752.63735,847.34286,719.51948,537.65623,761.46082,931.01656,975.53453,867.26189,22.6527,11.88748,5.67341,2.28846,0.64678,0.12525,0.00196,0.0,8.40778,13.6252,19.17504,29.20185,81.07256,-325.75477,3.00445,3.35867,4.00782,12.0,12.0,14.0,4.0,4.0,14.0,99.21,21.93,13.85,17.65,38.56,74.2,137.02,222.45,0,624.85,99.21,0,0,0,0,0,91.08,166.25,0,356.54,0.0,21.93,13.85,17.65,38.56,74.2,45.94,56.2,0,268.32,-1.535616187006802,1.8129337706312727,0,0,0,0
