pdb,vina,XGB,vina_min,XGB_min,vina_min_RW,XGB_min_RW,vina_min_BW,XGB_min_BW
alig,-44.0521257925,-40.94218645572327,1.8870203834,3.5845766406479247,1.8870203834,3.5845766406479247,1.8870203834,3.5845766406479247
