pdb,vina,vina1,vina2,vina3,vina4,vina5,vina6,vina7,vina8,vina9,vina10,vina11,vina12,vina13,vina14,vina15,vina16,vina17,vina18,vina19,vina20,vina21,vina22,vina23,vina24,vina25,vina26,vina27,vina28,vina29,vina30,vina31,vina32,vina33,vina34,vina35,vina36,vina37,vina38,vina39,vina40,vina41,vina42,vina43,vina44,vina45,vina46,vina47,vina48,vina49,vina50,vina51,vina52,vina53,vina54,vina55,vina56,vina57,vina58
alig,60.05825,15.71811,-59.90666,-1.21015,-0.30908,62.27888,81.71031,96.72866,116.76162,145.79054,167.49396,101.33128,162.77260,240.52129,141.26722,229.86378,333.88805,182.23057,297.73301,427.68137,547.26298,315.59624,503.53375,695.99318,788.39153,615.47479,441.25668,668.62826,865.96170,915.67809,736.52374,692.66919,917.79197,1065.58809,1071.07247,919.94279,236.55614,182.08052,138.83336,104.53528,77.56739,56.71143,40.79679,28.90543,5.10321,9.69188,14.43512,24.20240,157.86266,1917.09971,7.61034,8.50107,9.31906,12.00000,12.00000,14.00000,4.00000,4.00000,14.00000
