pdb,vina,vina1,vina2,vina3,vina4,vina5,vina6,vina7,vina8,vina9,vina10,vina11,vina12,vina13,vina14,vina15,vina16,vina17,vina18,vina19,vina20,vina21,vina22,vina23,vina24,vina25,vina26,vina27,vina28,vina29,vina30,vina31,vina32,vina33,vina34,vina35,vina36,vina37,vina38,vina39,vina40,vina41,vina42,vina43,vina44,vina45,vina46,vina47,vina48,vina49,vina50,vina51,vina52,vina53,vina54,vina55,vina56,vina57,vina58
alig,-2.57266,10.30619,-46.63841,-0.82854,-0.14887,44.96756,59.17712,75.53374,103.56120,108.58116,140.65906,71.39976,129.35655,190.06916,97.33942,183.48181,272.29261,124.48935,236.73818,355.05766,503.05278,219.96458,399.94473,596.71891,732.36785,617.65933,318.99343,539.10228,752.63735,847.34286,719.51948,537.65623,761.46082,931.01656,975.53453,867.26189,22.65270,11.88748,5.67341,2.28846,0.64678,0.12525,0.00196,0.00000,8.40778,13.62520,19.17504,29.20185,81.07256,-325.75477,3.00445,3.35867,4.00782,12.00000,12.00000,14.00000,4.00000,4.00000,14.00000
