pdb,dE_global,RMSD_global
smod,-2.735489645830837,2.1227646697446456
