pdb,vina,vina1,vina2,vina3,vina4,vina5,vina6,vina7,vina8,vina9,vina10,vina11,vina12,vina13,vina14,vina15,vina16,vina17,vina18,vina19,vina20,vina21,vina22,vina23,vina24,vina25,vina26,vina27,vina28,vina29,vina30,vina31,vina32,vina33,vina34,vina35,vina36,vina37,vina38,vina39,vina40,vina41,vina42,vina43,vina44,vina45,vina46,vina47,vina48,vina49,vina50,vina51,vina52,vina53,vina54,vina55,vina56,vina57,vina58,P2.P,P2.N,P2.DA,P2.D,P2.A,P2.AR,P2.H,P2.PL,P2.HA,P2.SA,P2dl.P,P2dl.N,P2dl.DA,P2dl.D,P2dl.A,P2dl.AR,P2dl.H,P2dl.PL,P2dl.HA,P2dl.SA,P2dp.P,P2dp.N,P2dp.DA,P2dp.D,P2dp.A,P2dp.AR,P2dp.H,P2dp.PL,P2dp.HA,P2dp.SA,dE_global,RMSD_global,Nbw,Epw,Elw,Ni
smod,0.8423179112999999,18.85137,-63.34434,-0.59467,-0.14601,52.266,79.12616,103.35226,122.76859,151.97667,196.70116,87.83388,171.95724,256.18418,126.30252,239.41053,364.4386,165.0344,307.98482,476.06288,689.84862,293.34984,528.9367,800.34965,979.60254,803.18711,426.46588,718.3606,1004.59273,1125.01324,941.73099,719.09222,1014.64474,1236.2101,1289.49815,1139.62145,43.00567,24.46922,12.44534,5.49922,1.87377,0.33959,0.01658,0.0,11.54718,14.87451,19.84773,31.92801,112.64907,-414.38777,5.12125,5.53555,5.92956,12.5,12.5,17.0,5.0,5.0,14.0,37.39,34.05,36.48,33.88,69.61,80.5,237.51,223.93,0,753.35,37.33,0,0,13.36,12.26,0,180.13,154.15,0,397.22,0.06,34.05,36.48,20.52,57.35,80.5,57.38,69.78,0,356.12,-2.735489645830837,2.1227646697446456,0,0,0,0
