pdb,vina,vina1,vina2,vina3,vina4,vina5,vina6,vina7,vina8,vina9,vina10,vina11,vina12,vina13,vina14,vina15,vina16,vina17,vina18,vina19,vina20,vina21,vina22,vina23,vina24,vina25,vina26,vina27,vina28,vina29,vina30,vina31,vina32,vina33,vina34,vina35,vina36,vina37,vina38,vina39,vina40,vina41,vina42,vina43,vina44,vina45,vina46,vina47,vina48,vina49,vina50,vina51,vina52,vina53,vina54,vina55,vina56,vina57,vina58,P2.P,P2.N,P2.DA,P2.D,P2.A,P2.AR,P2.H,P2.PL,P2.HA,P2.SA,P2dl.P,P2dl.N,P2dl.DA,P2dl.D,P2dl.A,P2dl.AR,P2dl.H,P2dl.PL,P2dl.HA,P2dl.SA,P2dp.P,P2dp.N,P2dp.DA,P2dp.D,P2dp.A,P2dp.AR,P2dp.H,P2dp.PL,P2dp.HA,P2dp.SA,dE_global,RMSD_global,Nbw,Epw,Elw,Ni
smod,1.2676760972,18.54273,-61.46879,-0.61982,-0.13673,52.34832,74.69925,98.02924,114.34642,144.02743,192.25681,85.35604,162.42788,246.84914,119.07366,225.84574,352.53891,154.03925,291.26936,461.46754,681.35415,274.67628,505.07251,779.24675,971.47129,811.6097,403.38953,690.96076,981.72763,1115.55421,946.54009,691.77121,986.00629,1212.75997,1276.15725,1136.94825,36.93169,21.10114,11.15247,5.40778,2.3222,0.84565,0.17004,0.00218,14.11305,17.98986,21.7397,32.16065,95.82891,-388.53128,4.99578,5.6009,6.0371,12.5,12.5,17.0,5.0,5.0,14.0,36.74,33.88,31.37,33.75,68.97,78.93,239.89,223.53,0,747.06,36.68,0,0,10.8,12.26,0,178.82,154.73,0,393.29,0.06,33.88,31.37,22.95,56.71,78.93,61.07,68.8,0,353.76,-2.735489645830837,2.1227646697446456,0,0.0,0.0,0
