pdb,vina,XGB,vina_min,XGB_min,vina_min_RW,XGB_min_RW,vina_min_BW,XGB_min_BW
smod,0.8423179112999999,1.9184055053322875,1.2676760972,2.1858532250381346,1.2676760972,2.1858532250381346,1.2676760972,2.1858532250381346
