pdb,vina,vina1,vina2,vina3,vina4,vina5,vina6,vina7,vina8,vina9,vina10,vina11,vina12,vina13,vina14,vina15,vina16,vina17,vina18,vina19,vina20,vina21,vina22,vina23,vina24,vina25,vina26,vina27,vina28,vina29,vina30,vina31,vina32,vina33,vina34,vina35,vina36,vina37,vina38,vina39,vina40,vina41,vina42,vina43,vina44,vina45,vina46,vina47,vina48,vina49,vina50,vina51,vina52,vina53,vina54,vina55,vina56,vina57,vina58
smod,-1.14837,18.85137,-63.34434,-0.59467,-0.14601,52.26600,79.12616,103.35226,122.76859,151.97667,196.70116,87.83388,171.95724,256.18418,126.30252,239.41053,364.43860,165.03440,307.98482,476.06288,689.84862,293.34984,528.93670,800.34965,979.60254,803.18711,426.46588,718.36060,1004.59273,1125.01324,941.73099,719.09222,1014.64474,1236.21010,1289.49815,1139.62145,43.00567,24.46922,12.44534,5.49922,1.87377,0.33959,0.01658,0.00000,11.54718,14.87451,19.84773,31.92801,112.64907,-414.38777,5.12125,5.53555,5.92956,12.50000,12.50000,17.00000,5.00000,5.00000,14.00000
