pdb,vina,vina1,vina2,vina3,vina4,vina5,vina6,vina7,vina8,vina9,vina10,vina11,vina12,vina13,vina14,vina15,vina16,vina17,vina18,vina19,vina20,vina21,vina22,vina23,vina24,vina25,vina26,vina27,vina28,vina29,vina30,vina31,vina32,vina33,vina34,vina35,vina36,vina37,vina38,vina39,vina40,vina41,vina42,vina43,vina44,vina45,vina46,vina47,vina48,vina49,vina50,vina51,vina52,vina53,vina54,vina55,vina56,vina57,vina58
smod,-1.72828,18.54273,-61.46879,-0.61982,-0.13673,52.34832,74.69925,98.02924,114.34642,144.02743,192.25681,85.35604,162.42788,246.84914,119.07366,225.84574,352.53891,154.03925,291.26936,461.46754,681.35415,274.67628,505.07251,779.24675,971.47129,811.60970,403.38953,690.96076,981.72763,1115.55421,946.54009,691.77121,986.00629,1212.75997,1276.15725,1136.94825,36.93169,21.10114,11.15247,5.40778,2.32220,0.84565,0.17004,0.00218,14.11305,17.98986,21.73970,32.16065,95.82891,-388.53128,4.99578,5.60090,6.03710,12.50000,12.50000,17.00000,5.00000,5.00000,14.00000
